Model,Test Accuracy,Training Accuracy,Precision,Recall,Size_MB,Flops_K,Max_RAM_KB,Param_Memory_KB,Total_Memory_KB,Training_Time
TakuNet 2 stages,0.5130000114440918,0.5970399975776672,0.5242047551625216,0.513,3.202230453491211,1956.835,768.0,1053.640625,1821.640625,813.853798866272
TakuNet 3 stages,0.5126000046730042,0.6430000066757202,0.5251569356942095,0.5126,4.511190414428711,2104.58,768.0,1489.390625,2257.390625,890.1385087966919
TakuNet 4 stages,0.48660001158714294,0.6466599702835083,0.4899362273541473,0.48660000000000003,5.819914817810059,2226.213,768.0,1925.140625,2693.140625,945.428010225296
TakuNet 5 stages,0.47609999775886536,0.5981400012969971,0.4824923523718814,0.4760999999999999,7.129633903503418,2341.318,768.0,2360.890625,3128.890625,997.2398247718811
TakuNet 6 stages,0.5112000107765198,0.5835800170898438,0.5189218784243862,0.5112000000000001,3.202336311340332,1956.835,768.0,1053.640625,1821.640625,817.2346160411835
