Model,Accuracy,Precision,Recall,Size_MB,Flops_K
Simple_CNN,0.6906999945640564,0.6905995215336291,0.6907,1.9532232284545898,301.732
Deeper_CNN,0.7333999872207642,0.7341208077034601,0.7333999999999999,37.23286819458008,3975.58
CNN_With_Dropout,0.6811000108718872,0.6831471130033129,0.6811,1.955296516418457,301.732
CNN_With_BatchNorm,0.6922000050544739,0.6958611399329404,0.6922,1.9677019119262695,381.838
CNN_With_GAP,0.589900016784668,0.595760365285497,0.5899,0.3126087188720703,156.132
ResNet_Like_CNN,0.7595999836921692,0.7615674146740166,0.7596,37.24428844451904,4090.268
